timestamp,fm_step_id,fm_step_name,rss,max_rss,free,oom_score
2024-10-11T02:45:07.813099,0,TEMPLATE_RENDER,3649536,3649536,5973139456,666
2024-10-11T02:45:08.226708,1,FLOW,6729728,6729728,5948174336,666
2024-10-11T02:45:13.390219,1,FLOW,138395648,138395648,5808791552,672
2024-10-11T02:45:18.547479,1,FLOW,138395648,138395648,5811552256,672
2024-10-11T02:45:23.716940,1,FLOW,138395648,138395648,5810688000,672
2024-10-11T02:45:28.857337,1,FLOW,138395648,138395648,5809627136,672
2024-10-11T02:45:33.988627,1,FLOW,138395648,138395648,5795762176,672
2024-10-11T02:45:39.152126,1,FLOW,138395648,138395648,5797859328,672
2024-10-11T02:45:44.199066,1,FLOW,138747904,138747904,5923766272,672
2024-10-11T02:45:51.374072,1,FLOW,138747904,138747904,5921431552,672
